Rango de Edad,Porcentaje de Compras (%)
18-24,12.94486777229942
25-34,12.469744509188708
35-44,15.015688032272527
45-54,26.866875840430303
55-64,22.223218287763338
65+,10.479605558045721
