Género,Porcentaje de Compras (%)
Masculino,36.34425493716338
Femenino,33.87567324955117
Otro,29.78007181328546
